Name,Website,Interests,Link
Daniel S. Maynard,https://www.maynardlab.co.uk/,"Community ecology, Statistical ecology, Forest ecology, Macroecology, Functional ecology",https://scholar.google.com/citations?user=T48JalQAAAAJ&hl=en
Ellouise Leadbeater,http://ellileadbeater.weebly.com/,"Animal social learning, Insect cognition",https://scholar.google.com/citations?user=l3Wo0BgAAAAJ&hl=en
Kate Elizabeth Jones,https://profiles.ucl.ac.uk/35481-kate-jones,"Biodiversity, Disease Ecology, Bioacoustics, Artificial Intelligence, Bats",https://scholar.google.com/citations?user=Vd9jVC0AAAAJ&hl=en
Isabel Bishop,,"freshwater ecology, citizen science",https://scholar.google.com/citations?user=iwbP0GUAAAAJ&hl=en
Rory Gibb,https://rorygibb.wordpress.com/,"Disease ecology, zoonotic/vector-borne disease, climate change, epidemiology",https://scholar.google.com/citations?user=ERU8djAAAAAJ&hl=en
Jim Labisko,,"Amphibians, ecology, adaptation, speciation",https://scholar.google.com/citations?user=roOJauUAAAAJ&hl=en
Joanne Littlefair,https://profiles.ucl.ac.uk/96976-joanne-littlefair,Molecular Ecology,https://scholar.google.com/citations?user=HR6UC0UAAAAJ&hl=en
Artemis Skarlatidou,,"Citizen Science, Public Engagement, Design, Trust, Risk",https://scholar.google.com/citations?user=N2E5tqIAAAAJ&hl=en
Gail Taylor,,"Plants for food and energy, Plant Breeding, Genetics, Environmental Plant Sciences",https://scholar.google.com/citations?user=qBBWOA8AAAAJ&hl=en
