Author,Year,Authors,Title,Link
Daniel S. Maynard,2026,"P Ubilla Pavez, A Paz, DS Maynard",Functional group classification using consensus clustering,https://scholar.google.com/citations?view_op=view_citation&hl=en&user=T48JalQAAAAJ&pagesize=100&sortby=pubdate&citation_for_view=T48JalQAAAAJ:u_35RYKgDlwC
Daniel S. Maynard,2026,"A Pickering, T Newbold, AL Pigot, C Tovar, DS Maynard",Trait misalignment risk in North American forests under climate change,https://scholar.google.com/citations?view_op=view_citation&hl=en&user=T48JalQAAAAJ&pagesize=100&sortby=pubdate&citation_for_view=T48JalQAAAAJ:zA6iFVUQeVQC
Daniel S. Maynard,2025,"YG Jimenez, A Paz, L Bialic‐Murphy, T Crowther, DS Maynard",A Global Regionalisation of Tree Functional Capacity,https://scholar.google.com/citations?view_op=view_citation&hl=en&user=T48JalQAAAAJ&pagesize=100&sortby=pubdate&citation_for_view=T48JalQAAAAJ:SeFeTyx0c_EC
Daniel S. Maynard,2024,"A Paz, TW Crowther, DS Maynard",Functional and phylogenetic dimensions of tree biodiversity reveal unique geographic patterns,https://scholar.google.com/citations?view_op=view_citation&hl=en&user=T48JalQAAAAJ&pagesize=100&sortby=pubdate&citation_for_view=T48JalQAAAAJ:35N4QoGY0k4C
Daniel S. Maynard,2024,"F Specker, A Paz, TW Crowther, DS Maynard",Treemendous: an R package for integrating taxonomic information across backbones,https://scholar.google.com/citations?view_op=view_citation&hl=en&user=T48JalQAAAAJ&pagesize=100&sortby=pubdate&citation_for_view=T48JalQAAAAJ:lSLTfruPkqcC
Daniel S. Maynard,2018,"TW Crowther, L Boddy, DS Maynard",The use of artificial media in fungal ecology,https://scholar.google.com/citations?view_op=view_citation&hl=en&user=T48JalQAAAAJ&pagesize=100&sortby=pubdate&citation_for_view=T48JalQAAAAJ:L8Ckcad2t8MC
Ellouise Leadbeater,2026,"CM Watrobska, J Codd, SJ Portugal, E Leadbeater","No detectable evidence for metabolic costs of long-term memory formation in honeybees, despite increased energy intake",https://scholar.google.com/citations?view_op=view_citation&hl=en&user=l3Wo0BgAAAAJ&pagesize=100&sortby=pubdate&citation_for_view=l3Wo0BgAAAAJ:CHSYGLWDkRkC
Ellouise Leadbeater,2026,"L Fordham, E Leadbeater",Resource supplementation later in the colony cycle improves real‐world bumblebee colony survival,https://scholar.google.com/citations?view_op=view_citation&hl=en&user=l3Wo0BgAAAAJ&pagesize=100&sortby=pubdate&citation_for_view=l3Wo0BgAAAAJ:EUQCXRtRnyEC
Ellouise Leadbeater,2025,"L Fordham, A Maeda-Obregon, E LEADBEATER","A second British record of Paragus quadrifasciatus Meigen (Diptera, Syrphidae)",https://scholar.google.com/citations?view_op=view_citation&hl=en&user=l3Wo0BgAAAAJ&pagesize=100&sortby=pubdate&citation_for_view=l3Wo0BgAAAAJ:_xSYboBqXhAC
Ellouise Leadbeater,2025,"CM Watrobska, J Codd, SJ Portugal, E Leadbeater",Long-term memory formation impacts dietary energy intake but not metabolic rate in honeybees,https://scholar.google.com/citations?view_op=view_citation&hl=en&user=l3Wo0BgAAAAJ&pagesize=100&sortby=pubdate&citation_for_view=l3Wo0BgAAAAJ:D03iK_w7-QYC
Ellouise Leadbeater,2025,"G Pasquier, CD Pull, SR Ott, E Leadbeater",A neural correlate of learning fails to predict foraging efficiency in the bumble bee Bombus terrestris,https://scholar.google.com/citations?view_op=view_citation&hl=en&user=l3Wo0BgAAAAJ&pagesize=100&sortby=pubdate&citation_for_view=l3Wo0BgAAAAJ:yD5IFk8b50cC
Ellouise Leadbeater,2024,"CM Watrobska, P Šima, AR Rodrigues, E Leadbeater",Potential costs of learning have no detectable impact on reproductive success for bumble bees,https://scholar.google.com/citations?view_op=view_citation&hl=en&user=l3Wo0BgAAAAJ&pagesize=100&sortby=pubdate&citation_for_view=l3Wo0BgAAAAJ:dfsIfKJdRG4C
Ellouise Leadbeater,2024,"G Pasquier, CD Pull, SR Ott, E Leadbeater",A neural correlate of learning fails to predict foraging efficiency in Bombus terrestris,https://scholar.google.com/citations?view_op=view_citation&hl=en&user=l3Wo0BgAAAAJ&pagesize=100&sortby=pubdate&citation_for_view=l3Wo0BgAAAAJ:zA6iFVUQeVQC
Ellouise Leadbeater,2023,"F Manfredini, Y Wurm, S Sumner, E Leadbeater",Transcriptomic responses to location learning by honeybee dancers are partly mirrored in the brains of dance-followers,https://scholar.google.com/citations?view_op=view_citation&hl=en&user=l3Wo0BgAAAAJ&pagesize=100&sortby=pubdate&citation_for_view=l3Wo0BgAAAAJ:SeFeTyx0c_EC
Ellouise Leadbeater,2022,"MJ Hasenjager, VR Franks, E Leadbeater",From dyads to collectives: a review of honeybee signalling,https://scholar.google.com/citations?view_op=view_citation&hl=en&user=l3Wo0BgAAAAJ&pagesize=100&sortby=pubdate&citation_for_view=l3Wo0BgAAAAJ:BqipwSGYUEgC
Ellouise Leadbeater,2022,"MJ Hasenjager, W Hoppitt, E Leadbeater",Do honey bees modulate dance following according to foraging distance?,https://scholar.google.com/citations?view_op=view_citation&hl=en&user=l3Wo0BgAAAAJ&pagesize=100&sortby=pubdate&citation_for_view=l3Wo0BgAAAAJ:iH-uZ7U-co4C
Ellouise Leadbeater,2022,"AE Samuelson, R Schürch, E Leadbeater",Dancing bees evaluate central urban forage resources as superior to agricultural land,https://scholar.google.com/citations?view_op=view_citation&hl=en&user=l3Wo0BgAAAAJ&pagesize=100&sortby=pubdate&citation_for_view=l3Wo0BgAAAAJ:j3f4tGmQtD8C
Ellouise Leadbeater,2021,"MJ Hasenjager, W Hoppitt, E Leadbeater",Honeybee dance-followers respond similarly to dances regardless of their spatial information content,https://scholar.google.com/citations?view_op=view_citation&hl=en&user=l3Wo0BgAAAAJ&pagesize=100&sortby=pubdate&citation_for_view=l3Wo0BgAAAAJ:e5wmG9Sq2KIC
Ellouise Leadbeater,2021,"H Siviter, AJ Folly, MJF Brown, E Leadbeater","Individual and combined impacts of sulfoxaflor and Nosema bombi on bumblebee (Bombus terrestris) larval growth (vol 287, 20200935, 2020)",https://scholar.google.com/citations?view_op=view_citation&hl=en&user=l3Wo0BgAAAAJ&pagesize=100&sortby=pubdate&citation_for_view=l3Wo0BgAAAAJ:bEWYMUwI8FkC
Ellouise Leadbeater,2021,"H Siviter, AJ Folly, MJF Brown, E Leadbeater",Correction to ‘Individual and combined impacts of sulfoxaflor and Nosema bombi on bumblebee (Bombus terrestris) larval growth’,https://scholar.google.com/citations?view_op=view_citation&hl=en&user=l3Wo0BgAAAAJ&pagesize=100&sortby=pubdate&citation_for_view=l3Wo0BgAAAAJ:R3hNpaxXUhUC
Ellouise Leadbeater,2020,"AE Samuelson, RJ Gill, E Leadbeater","Urbanisation is associated with reduced Nosema sp. infection, higher colony strength and higher richness of foraged pollen in honeybees: A. E. Samuelson et al.",https://scholar.google.com/citations?view_op=view_citation&hl=en&user=l3Wo0BgAAAAJ&pagesize=100&sortby=pubdate&citation_for_view=l3Wo0BgAAAAJ:-f6ydRqryjwC
Ellouise Leadbeater,2020,"H Siviter, AJ Folly, MJF Brown, E Leadbeater",Individual and combined impacts of sulfoxaflor and Nosema bombi on bumblebee (Bombus terrestris) larval growth,https://scholar.google.com/citations?view_op=view_citation&hl=en&user=l3Wo0BgAAAAJ&pagesize=100&sortby=pubdate&citation_for_view=l3Wo0BgAAAAJ:mB3voiENLucC
Ellouise Leadbeater,2020,"L Chittka, JM Devaud, J Spaethe, E Leadbeater",Odor Learning and Its Experience-Dependent Modulation in,https://scholar.google.com/citations?view_op=view_citation&hl=en&user=l3Wo0BgAAAAJ&pagesize=100&sortby=pubdate&citation_for_view=l3Wo0BgAAAAJ:a0OBvERweLwC
Ellouise Leadbeater,2020,"MJ Hasenjager, W Hoppitt, E Leadbeater",Network-based diffusion analysis reveals context-specific dominance of dance communication in foraging honeybees,https://scholar.google.com/citations?view_op=view_citation&hl=en&user=l3Wo0BgAAAAJ&pagesize=100&sortby=pubdate&citation_for_view=l3Wo0BgAAAAJ:hC7cP41nSMkC
Ellouise Leadbeater,2020,"H Siviter, J Horner, MJF Brown, E Leadbeater",Sulfoxaflor exposure reduces egg laying in bumblebees Bombus terrestris,https://scholar.google.com/citations?view_op=view_citation&hl=en&user=l3Wo0BgAAAAJ&pagesize=100&sortby=pubdate&citation_for_view=l3Wo0BgAAAAJ:L8Ckcad2t8MC
Ellouise Leadbeater,2019,"AE Samuelson, R Schürch, E Leadbeater",Dancing bees evaluate agricultural forage resources as inferior to central urban land,https://scholar.google.com/citations?view_op=view_citation&hl=en&user=l3Wo0BgAAAAJ&pagesize=100&sortby=pubdate&citation_for_view=l3Wo0BgAAAAJ:qUcmZB5y_30C
Ellouise Leadbeater,2019,"H Siviter, A Scott, G Pasquier, CD Pull, MJF Brown, E Leadbeater",No evidence for negative impacts of acute sulfoxaflor exposure on bee olfactory conditioning or working memory,https://scholar.google.com/citations?view_op=view_citation&hl=en&user=l3Wo0BgAAAAJ&pagesize=100&sortby=pubdate&citation_for_view=l3Wo0BgAAAAJ:7PzlFSSx8tAC
Ellouise Leadbeater,2019,"MJ Hasenjager, E Leadbeater",Insect social learning,https://scholar.google.com/citations?view_op=view_citation&hl=en&user=l3Wo0BgAAAAJ&pagesize=100&sortby=pubdate&citation_for_view=l3Wo0BgAAAAJ:4DMP91E08xMC
Ellouise Leadbeater,2018,"H Siviter, J Koricheva, MJF Brown, E Leadbeater",Quantifying the impact of pesticides on learning and memory in bees,https://scholar.google.com/citations?view_op=view_citation&hl=en&user=l3Wo0BgAAAAJ&pagesize=100&sortby=pubdate&citation_for_view=l3Wo0BgAAAAJ:M3ejUd6NZC8C
Ellouise Leadbeater,2018,"H Siviter, MJF Brown, E Leadbeater",Sulfoxaflor exposure reduces bumblebee reproductive success,https://scholar.google.com/citations?view_op=view_citation&hl=en&user=l3Wo0BgAAAAJ&pagesize=100&sortby=pubdate&citation_for_view=l3Wo0BgAAAAJ:qxL8FJ1GzNcC
Ellouise Leadbeater,2018,"AE Samuelson, RJ Gill, MJF Brown, E Leadbeater",Lower bumblebee colony reproductive success in agricultural compared with urban environments,https://scholar.google.com/citations?view_op=view_citation&hl=en&user=l3Wo0BgAAAAJ&pagesize=100&sortby=pubdate&citation_for_view=l3Wo0BgAAAAJ:4TOpqqG69KYC
Ellouise Leadbeater,2018,"AE Samuelson, E Leadbeater",A land classification protocol for pollinator ecology research: An urbanization case study,https://scholar.google.com/citations?view_op=view_citation&hl=en&user=l3Wo0BgAAAAJ&pagesize=100&sortby=pubdate&citation_for_view=l3Wo0BgAAAAJ:YOwf2qJgpHMC
Ellouise Leadbeater,2017,"A Samuelson, E Leadbeater",Foraging by honeybees,https://scholar.google.com/citations?view_op=view_citation&hl=en&user=l3Wo0BgAAAAJ&pagesize=100&sortby=pubdate&citation_for_view=l3Wo0BgAAAAJ:aqlVkmm33-oC
Ellouise Leadbeater,2016,"EEW Samuelson, ZP Chen-Wishart, RJ Gill, E Leadbeater",Effect of acute pesticide exposure on bee spatial working memory using an analogue of the radial-arm maze,https://scholar.google.com/citations?view_op=view_citation&hl=en&user=l3Wo0BgAAAAJ&pagesize=100&sortby=pubdate&citation_for_view=l3Wo0BgAAAAJ:KlAtU1dfN6UC
Ellouise Leadbeater,2016,"EH Dawson, L Chittka, E Leadbeater","Alarm substances induce associative social learning in honeybees, Apis mellifera",https://scholar.google.com/citations?view_op=view_citation&hl=en&user=l3Wo0BgAAAAJ&pagesize=100&sortby=pubdate&citation_for_view=l3Wo0BgAAAAJ:kNdYIx-mwKoC
Ellouise Leadbeater,2016,"LJ Evans, NE Raine, E Leadbeater",Reproductive environment affects learning performance in bumble bees,https://scholar.google.com/citations?view_op=view_citation&hl=en&user=l3Wo0BgAAAAJ&pagesize=100&sortby=pubdate&citation_for_view=l3Wo0BgAAAAJ:3fE2CSJIrl8C
Ellouise Leadbeater,2016,"J Field, E Leadbeater","Cooperation between non-relatives in a primitively eusocial paper wasp, Polistes dominula",https://scholar.google.com/citations?view_op=view_citation&hl=en&user=l3Wo0BgAAAAJ&pagesize=100&sortby=pubdate&citation_for_view=l3Wo0BgAAAAJ:5nxA0vEk-isC
Ellouise Leadbeater,2014,"C Grueter, E Leadbeater",Insights from insects about adaptive social information use,https://scholar.google.com/citations?view_op=view_citation&hl=en&user=l3Wo0BgAAAAJ&pagesize=100&sortby=pubdate&citation_for_view=l3Wo0BgAAAAJ:UebtZRa9Y70C
Ellouise Leadbeater,2013,"EH Dawson, A Avarguès-Weber, L Chittka, E Leadbeater",Learning by observation emerges from simple associations in an insect model,https://scholar.google.com/citations?view_op=view_citation&hl=en&user=l3Wo0BgAAAAJ&pagesize=100&sortby=pubdate&citation_for_view=l3Wo0BgAAAAJ:eQOLeE2rZwMC
Ellouise Leadbeater,2005,"L Chittka, E Leadbeater",Social learning: public information in insects,https://scholar.google.com/citations?view_op=view_citation&hl=en&user=l3Wo0BgAAAAJ&pagesize=100&sortby=pubdate&citation_for_view=l3Wo0BgAAAAJ:UeHWp8X0CEIC
Kate Elizabeth Jones,2026,"J Bridle, KE Jones",Transforming our understanding of biological diversity and its evolution,https://scholar.google.com/citations?view_op=view_citation&hl=en&user=Vd9jVC0AAAAJ&pagesize=100&sortby=pubdate&citation_for_view=Vd9jVC0AAAAJ:HaiYZdWvYCYC
Kate Elizabeth Jones,2025,"R Gibb, DW Redding, S Friant, KE Jones",Towards a ‘people and nature’ paradigm for biodiversity and infectious disease,https://scholar.google.com/citations?view_op=view_citation&hl=en&user=Vd9jVC0AAAAJ&pagesize=100&sortby=pubdate&citation_for_view=Vd9jVC0AAAAJ:EkMFNTzSJA0C
Kate Elizabeth Jones,2024,"DW Redding, R Gibb, KE Jones",Ecological impacts of climate change will transform public health priorities for zoonotic and vector-borne disease,https://scholar.google.com/citations?view_op=view_citation&hl=en&user=Vd9jVC0AAAAJ&pagesize=100&sortby=pubdate&citation_for_view=Vd9jVC0AAAAJ:HjGq7OYTVFUC
Kate Elizabeth Jones,2023,"IK Fletcher, R Gibb, R Lowe, KE Jones",Differing taxonomic responses of mosquito vectors to anthropogenic land-use change in Latin America and the Caribbean,https://scholar.google.com/citations?view_op=view_citation&hl=en&user=Vd9jVC0AAAAJ&pagesize=100&sortby=pubdate&citation_for_view=Vd9jVC0AAAAJ:EUsVPkoNztoC
Kate Elizabeth Jones,2022,"E Browning, R Freeman, K Boughey, NJB Isaac, KE Jones",Accounting for spatial autocorrelation and environment are important to derive robust bat population trends from citizen science data,https://scholar.google.com/citations?view_op=view_citation&hl=en&user=Vd9jVC0AAAAJ&pagesize=100&sortby=pubdate&citation_for_view=Vd9jVC0AAAAJ:brChLMnLtjYC
Kate Elizabeth Jones,2022,"LHV Franklinos, DW Redding, TCD Lucas, R Gibb, I Abubakar, KE Jones",Joint spatiotemporal modelling reveals seasonally dynamic patterns of Japanese encephalitis vector abundance across India,https://scholar.google.com/citations?view_op=view_citation&hl=en&user=Vd9jVC0AAAAJ&pagesize=100&sortby=pubdate&citation_for_view=Vd9jVC0AAAAJ:yFpZgd9WRDkC
Kate Elizabeth Jones,2020,"A Purvis, KE Jones",Georgina Mace (1953-2020),https://scholar.google.com/citations?view_op=view_citation&hl=en&user=Vd9jVC0AAAAJ&pagesize=100&sortby=pubdate&citation_for_view=Vd9jVC0AAAAJ:8s_vhd3wPlUC
Kate Elizabeth Jones,2020,"R Gibb, L Franklinos, D Redding, KE Jones",Ecosystem perspectives are needed to manage zoonotic disease risks in a changing climate,https://scholar.google.com/citations?view_op=view_citation&hl=en&user=Vd9jVC0AAAAJ&pagesize=100&sortby=pubdate&citation_for_view=Vd9jVC0AAAAJ:Jxy3h8XkNu0C
Kate Elizabeth Jones,2019,"R Williams, C Walters, R Gibb, E Browning, D Tipping, KE Jones",Differential effects of emerging broad-spectrum streetlight technologies on landscape-scale bat activity,https://scholar.google.com/citations?view_op=view_citation&hl=en&user=Vd9jVC0AAAAJ&pagesize=100&sortby=pubdate&citation_for_view=Vd9jVC0AAAAJ:c2351ekuFcIC
Kate Elizabeth Jones,2019,"V Zamora-Gutierrez, T Amano, KE Jones",Spatial and taxonomic biases in bat records: drivers and conservation implications in a megadiverse country,https://scholar.google.com/citations?view_op=view_citation&hl=en&user=Vd9jVC0AAAAJ&pagesize=100&sortby=pubdate&citation_for_view=Vd9jVC0AAAAJ:iomT83CKXisC
Kate Elizabeth Jones,2019,"R Gibb, E Browning, P Glover-Kapfer, KE Jones",Emerging opportunities and challenges for passive acoustics in ecological assessment and monitoring,https://scholar.google.com/citations?view_op=view_citation&hl=en&user=Vd9jVC0AAAAJ&pagesize=100&sortby=pubdate&citation_for_view=Vd9jVC0AAAAJ:NAGhd4NKCV8C
Kate Elizabeth Jones,2019,"AJ Fairbrass, M Firman, C Williams, GJ Brostow, H Titheridge, KE Jones",CityNet - Deep learning tools for urban ecoacoustic assessment,https://scholar.google.com/citations?view_op=view_citation&hl=en&user=Vd9jVC0AAAAJ&pagesize=100&sortby=pubdate&citation_for_view=Vd9jVC0AAAAJ:pqoCwmxD9dQC
Kate Elizabeth Jones,2018,"R Gibb, DW Redding, K Qing Chin, T Blackburn, T Newbold, K Jones",Effects of land use on zoonotic host communities: a global correlative analysis,https://scholar.google.com/citations?view_op=view_citation&hl=en&user=Vd9jVC0AAAAJ&pagesize=100&sortby=pubdate&citation_for_view=Vd9jVC0AAAAJ:r5Jnz2hFFzMC
Kate Elizabeth Jones,2017,"A Fairbrass, P Rennett, C Williams, H Titheridge, KE Jones",Biases of acoustic indices measuring biodiversity in urban areas,https://scholar.google.com/citations?view_op=view_citation&hl=en&user=Vd9jVC0AAAAJ&pagesize=100&sortby=pubdate&citation_for_view=Vd9jVC0AAAAJ:i_QFVEgXGzMC
Kate Elizabeth Jones,2017,"DW Redding, T Lucas, T Blackburn, KE Jones",Evaluating Bayesian spatial methods for modelling species distributions with clumped and restricted occurrence data,https://scholar.google.com/citations?view_op=view_citation&hl=en&user=Vd9jVC0AAAAJ&pagesize=100&sortby=pubdate&citation_for_view=Vd9jVC0AAAAJ:fhMX52Pd6iQC
Kate Elizabeth Jones,2017,"R Maor, T Dayan, H Ferguson-Gow, KE Jones",Temporal niche expansion in mammals from a nocturnal ancestor after dinosaur extinction,https://scholar.google.com/citations?view_op=view_citation&hl=en&user=Vd9jVC0AAAAJ&pagesize=100&sortby=pubdate&citation_for_view=Vd9jVC0AAAAJ:zBYNw3HCx4kC
Kate Elizabeth Jones,2017,"DW Redding, S Tiedt, G Lo Iacono, B Bett, KE Jones","Spatial, seasonal, and climatic predictive models of Rift Valley Fever disease across Africa",https://scholar.google.com/citations?view_op=view_citation&hl=en&user=Vd9jVC0AAAAJ&pagesize=100&sortby=pubdate&citation_for_view=Vd9jVC0AAAAJ:jenZ_en7QtoC
Kate Elizabeth Jones,2017,"TCD Lucas, HM Wilkinson-Herbots, KE Jones",ROLE of inter-related population-level host traits in determining pathogen richness and zoonotic risk,https://scholar.google.com/citations?view_op=view_citation&hl=en&user=Vd9jVC0AAAAJ&pagesize=100&sortby=pubdate&citation_for_view=Vd9jVC0AAAAJ:SSsxPzPPytkC
Kate Elizabeth Jones,2017,"V Zamora-Gutierrez, RG Pearson, RE Green, KE Jones",Forecasting the combined effects of climate and land-use change on Mexican bats,https://scholar.google.com/citations?view_op=view_citation&hl=en&user=Vd9jVC0AAAAJ&pagesize=100&sortby=pubdate&citation_for_view=Vd9jVC0AAAAJ:Pptk7XUfJl0C
Kate Elizabeth Jones,2017,"E Browning, R Gibb, P Glover-Kapfer, KE Jones",Passive acoustic monitoring in ecology and conservation,https://scholar.google.com/citations?view_op=view_citation&hl=en&user=Vd9jVC0AAAAJ&pagesize=100&sortby=pubdate&citation_for_view=Vd9jVC0AAAAJ:JQG40wivBEIC
Kate Elizabeth Jones,2017,"R Gibb, LM Moses, DW Redding, KE Jones",Understanding the cryptic nature of Lassa fever in West Africa,https://scholar.google.com/citations?view_op=view_citation&hl=en&user=Vd9jVC0AAAAJ&pagesize=100&sortby=pubdate&citation_for_view=Vd9jVC0AAAAJ:RXC-vbXDMdwC
Kate Elizabeth Jones,2016,"R Gibb, O Mac Aodha, KE Jones",Bat Detective: citizen science for eco-acoustic biodiversity monitoring,https://scholar.google.com/citations?view_op=view_citation&hl=en&user=Vd9jVC0AAAAJ&pagesize=100&sortby=pubdate&citation_for_view=Vd9jVC0AAAAJ:9sMhslCZ7ZMC
Kate Elizabeth Jones,2016,"DW Redding, LM Moses, AA Cunningham, J Wood, KE Jones",Environmental-mechanistic modelling of the impact of global change on human zoonotic disease emergence: A case study of Lassa fever,https://scholar.google.com/citations?view_op=view_citation&hl=en&user=Vd9jVC0AAAAJ&pagesize=100&sortby=pubdate&citation_for_view=Vd9jVC0AAAAJ:nYc7v9NCwtsC
Kate Elizabeth Jones,2016,"C Hawkins, E Browning, K Jones",iBats Jersey–Review,https://scholar.google.com/citations?view_op=view_citation&hl=en&user=Vd9jVC0AAAAJ&pagesize=100&sortby=pubdate&citation_for_view=Vd9jVC0AAAAJ:FcH-RsB9iB0C
Kate Elizabeth Jones,2016,"PF Reason, SE Newson, KE Jones",Recommendations for using automatic bat identification software with full spectrum recordings,https://scholar.google.com/citations?view_op=view_citation&hl=en&user=Vd9jVC0AAAAJ&pagesize=100&sortby=pubdate&citation_for_view=Vd9jVC0AAAAJ:ObAD8Md4PD8C
Kate Elizabeth Jones,2016,"L Brierley, M Vonhof, KJ Olival, P Daszak, KE Jones",Quantifying Global Drivers of Zoonotic Bat Viruses: A Process-based Perspective,https://scholar.google.com/citations?view_op=view_citation&hl=en&user=Vd9jVC0AAAAJ&pagesize=100&sortby=pubdate&citation_for_view=Vd9jVC0AAAAJ:QjNCP7ux8QYC
Kate Elizabeth Jones,2015,"TCD Lucas, EA Moorcroft, R Freeman, JM Rowcliffe, KE Jones",A generalised random encounter model for estimating animal density with remote sensor data,https://scholar.google.com/citations?view_op=view_citation&hl=en&user=Vd9jVC0AAAAJ&pagesize=100&sortby=pubdate&citation_for_view=Vd9jVC0AAAAJ:HFi42EZPDb4C
Isabel Bishop,2025,"GP Shao, IJ Bishop",Citizen science in river monitoring: a systematic literature review of the whys and hows,https://scholar.google.com/citations?view_op=view_citation&hl=en&user=iwbP0GUAAAAJ&pagesize=100&sortby=pubdate&citation_for_view=iwbP0GUAAAAJ:U0iAMwwPxtsC
Isabel Bishop,2024,"A Skarlatidou, M Haklay, S Hoyte, M Van Oudheusden, IJ Bishop",How can bottom-up citizen science restore public trust in environmental governance and sciences? Recommendations from three case studies,https://scholar.google.com/citations?view_op=view_citation&hl=en&user=iwbP0GUAAAAJ&pagesize=100&sortby=pubdate&citation_for_view=iwbP0GUAAAAJ:LkGwnXOMwfcC
Isabel Bishop,2022,"AW Mackay, IJ Bishop",Out in the field,https://scholar.google.com/citations?view_op=view_citation&hl=en&user=iwbP0GUAAAAJ&pagesize=100&sortby=pubdate&citation_for_view=iwbP0GUAAAAJ:eQOLeE2rZwMC
Rory Gibb,2019,"A Kanngieser, R Gibb",Sonifying the world,https://scholar.google.com/citations?view_op=view_citation&hl=en&user=ERU8djAAAAAJ&pagesize=100&sortby=pubdate&citation_for_view=ERU8djAAAAAJ:_FxGoFyzp5QC
Joanne Littlefair,2025,"MA Williams, SJ Poultney, J Hallam, TE Hewitson, JE Littlefair",From anecdotes to evidence: Environmental DNA detection of Arctic charr (Salvelinus alpinus L.) at the southern limit of its circumpolar range,https://scholar.google.com/citations?view_op=view_citation&hl=en&user=HR6UC0UAAAAJ&pagesize=100&sortby=pubdate&citation_for_view=HR6UC0UAAAAJ:mVmsd5A6BfQC
Artemis Skarlatidou,2020,"V Pejovic, A Skarlatidou",Understanding interaction design challenges in mobile extreme citizen science,https://scholar.google.com/citations?view_op=view_citation&hl=en&user=N2E5tqIAAAAJ&pagesize=100&sortby=pubdate&citation_for_view=N2E5tqIAAAAJ:YOwf2qJgpHMC
Artemis Skarlatidou,2018,"R Treves, A Skarlatidou",What path and how fast? The effect of flight time and path on user spatial understanding in map tour animations,https://scholar.google.com/citations?view_op=view_citation&hl=en&user=N2E5tqIAAAAJ&pagesize=100&sortby=pubdate&citation_for_view=N2E5tqIAAAAJ:5nxA0vEk-isC
Artemis Skarlatidou,2018,"K Ooms, A Skarlatidou",Usability engineering and evaluation,https://scholar.google.com/citations?view_op=view_citation&hl=en&user=N2E5tqIAAAAJ&pagesize=100&sortby=pubdate&citation_for_view=N2E5tqIAAAAJ:HDshCWvjkbEC
Artemis Skarlatidou,2017,"P Rickles, ME Haklay, C Ellul, A Skarlatidou",Citizen science with GIS&T,https://scholar.google.com/citations?view_op=view_citation&hl=en&user=N2E5tqIAAAAJ&pagesize=100&sortby=pubdate&citation_for_view=N2E5tqIAAAAJ:MXK_kJrjxJIC
Artemis Skarlatidou,2017,"J Twigg, N Christie, J Haworth, E Osuteye, A Skarlatidou",Improved methods for fire risk assessment in low-income and informal settlements,https://scholar.google.com/citations?view_op=view_citation&hl=en&user=N2E5tqIAAAAJ&pagesize=100&sortby=pubdate&citation_for_view=N2E5tqIAAAAJ:0EnyYjriUFMC
Artemis Skarlatidou,2017,"R Treves, A Skarlatidou",Which path and how fast? The effect of flight time and path on user understanding in 3-D fly-over animations,https://scholar.google.com/citations?view_op=view_citation&hl=en&user=N2E5tqIAAAAJ&pagesize=100&sortby=pubdate&citation_for_view=N2E5tqIAAAAJ:W7OEmFMy1HYC
Artemis Skarlatidou,2016,"YT Lu, C Ellul, A Skarlatidou",Preliminary Investigations into the Usability of 3D Environments for 2D GIS Users,https://scholar.google.com/citations?view_op=view_citation&hl=en&user=N2E5tqIAAAAJ&pagesize=100&sortby=pubdate&citation_for_view=N2E5tqIAAAAJ:hqOjcs7Dif8C
Artemis Skarlatidou,2011,"A Bolbol, T CHENG, I Tsapakis, A Skarlatidou",Identifying intermediary modes from GPS data,https://scholar.google.com/citations?view_op=view_citation&hl=en&user=N2E5tqIAAAAJ&pagesize=100&sortby=pubdate&citation_for_view=N2E5tqIAAAAJ:_FxGoFyzp5QC
Artemis Skarlatidou,2011,"I Tsapakis, WH Schneider IV, A Bolbol, A Skarlatidou",Discriminant analysis for assigning short-term counts to seasonal adjustment factor groupings,https://scholar.google.com/citations?view_op=view_citation&hl=en&user=N2E5tqIAAAAJ&pagesize=100&sortby=pubdate&citation_for_view=N2E5tqIAAAAJ:Tyk-4Ss8FVUC
Artemis Skarlatidou,2010,"M Haklay, A Skarlatidou",Human‐Computer Interaction and Geospatial Technologies–Context,https://scholar.google.com/citations?view_op=view_citation&hl=en&user=N2E5tqIAAAAJ&pagesize=100&sortby=pubdate&citation_for_view=N2E5tqIAAAAJ:UeHWp8X0CEIC
Artemis Skarlatidou,,"P Rickles, M Haklay, C Ellul, A Skarlatidou",GS-24-Citizen Science with GIS&T,https://scholar.google.com/citations?view_op=view_citation&hl=en&user=N2E5tqIAAAAJ&pagesize=100&sortby=pubdate&citation_for_view=N2E5tqIAAAAJ:8k81kl-MbHgC
Gail Taylor,2026,"X Zhang, RW Michelmore, G Taylor",Physiological and Genetic Determinants of Water-Use Efficiency In Lettuce,https://scholar.google.com/citations?view_op=view_citation&hl=en&user=qBBWOA8AAAAJ&pagesize=100&sortby=pubdate&citation_for_view=qBBWOA8AAAAJ:Ehil0879vHcC
Gail Taylor,2026,"AE Wong, RW Michelmore, G Taylor",From Plastic Mulch to Microplastics: Impact of Realistic Microplastics on Lettuce,https://scholar.google.com/citations?view_op=view_citation&hl=en&user=qBBWOA8AAAAJ&pagesize=100&sortby=pubdate&citation_for_view=qBBWOA8AAAAJ:nZcligLrVowC
Gail Taylor,2026,"N Akter¹, MS Ahamed, G Taylor",Gradual increases in light intensity and photoperiod,https://scholar.google.com/citations?view_op=view_citation&hl=en&user=qBBWOA8AAAAJ&pagesize=100&sortby=pubdate&citation_for_view=qBBWOA8AAAAJ:OP4eGU-M3BUC
Gail Taylor,2026,"N Akter, L Cammarisano, G Taylor","yield, and quality of indoor-grown",https://scholar.google.com/citations?view_op=view_citation&hl=en&user=qBBWOA8AAAAJ&pagesize=100&sortby=pubdate&citation_for_view=qBBWOA8AAAAJ:yFnVuubrUp4C
Gail Taylor,2025,"AE Wong, G Taylor",Plastic Pollution in Soil Ecosystems: Quantifying and Characterizing Microplastics in California Agriculture,https://scholar.google.com/citations?view_op=view_citation&hl=en&user=qBBWOA8AAAAJ&pagesize=100&sortby=pubdate&citation_for_view=qBBWOA8AAAAJ:4vMrXwiscB8C
Gail Taylor,2025,"AE Wong, G Taylor",Plants and microplastics: Growing impacts in the terrestrial environment,https://scholar.google.com/citations?view_op=view_citation&hl=en&user=qBBWOA8AAAAJ&pagesize=100&sortby=pubdate&citation_for_view=qBBWOA8AAAAJ:HIFyuExEbWQC
Gail Taylor,2025,"Y Qian, E Katz, DJ Kliebenstein, G Taylor",Breeding indoor watercress for enhanced crop biofortification: harnessing natural variation of wild germplasm,https://scholar.google.com/citations?view_op=view_citation&hl=en&user=qBBWOA8AAAAJ&pagesize=100&sortby=pubdate&citation_for_view=qBBWOA8AAAAJ:HtEfBTGE9r8C
Gail Taylor,2025,"MM Dehnavi, G Taylor",Harnessing the Genetic and Chemical Diversity of Cannabis sativa L. in Iran: Unveiling the Potential for Breeding and Industrial Applications,https://scholar.google.com/citations?view_op=view_citation&hl=en&user=qBBWOA8AAAAJ&pagesize=100&sortby=pubdate&citation_for_view=qBBWOA8AAAAJ:4hFrxpcac9AC
Gail Taylor,2024,"N Zeeshan, P Freer-Smith, G Murtaza, AE Wong, G Taylor",His dark materials: Quantifying the problem of dust (particulate matter) in the agricultural landscape of California,https://scholar.google.com/citations?view_op=view_citation&hl=en&user=qBBWOA8AAAAJ&pagesize=100&sortby=pubdate&citation_for_view=qBBWOA8AAAAJ:OU6Ihb5iCvQC
Gail Taylor,2024,"N Voutsina, RD Hancock, F Becerra-Sanchez, Y Qian, G Taylor",Characterization of a new dwarf watercress (Nasturtium officinale R Br.) ‘Boldrewood’ in commercial trials reveals a consistent increase in chemopreventive …,https://scholar.google.com/citations?view_op=view_citation&hl=en&user=qBBWOA8AAAAJ&pagesize=100&sortby=pubdate&citation_for_view=qBBWOA8AAAAJ:eQOLeE2rZwMC
Gail Taylor,2024,"MM Dehnavi, A Damerum, SA Salami, G Taylor",Genotyping-By-Sequencing on an Iranian Cannabis Collection to Identify Genetic Variants Associated with Unique Characteristics in Cannabis,https://scholar.google.com/citations?view_op=view_citation&hl=en&user=qBBWOA8AAAAJ&pagesize=100&sortby=pubdate&citation_for_view=qBBWOA8AAAAJ:YohjEiUPhakC
Gail Taylor,2023,"LE Hibbert, Y Qian, HK Smith, S Milner, E Katz, DJ Kliebenstein, G Taylor",Making watercress (Nasturtium officinale) cropping sustainable: genomic insights into enhanced phosphorus use efficiency in an aquatic crop,https://scholar.google.com/citations?view_op=view_citation&hl=en&user=qBBWOA8AAAAJ&pagesize=100&sortby=pubdate&citation_for_view=qBBWOA8AAAAJ:AvfA0Oy_GE0C
Gail Taylor,2023,"P Freer‐Smith, JH Bailey‐Bale, CL Donnison, G Taylor","The good, the bad, and the future: Systematic review identifies best use of biomass to meet air quality and climate policies in California",https://scholar.google.com/citations?view_op=view_citation&hl=en&user=qBBWOA8AAAAJ&pagesize=100&sortby=pubdate&citation_for_view=qBBWOA8AAAAJ:_kc_bZDykSQC
Gail Taylor,2023,"V Nikol, RD Hancock, F Becerra-Sanchez, Y Qian, G Taylor",Characterization of a new dwarf watercress (Nasturtium officinale R Br.)‘Boldrewood’in commercial trials reveals a consistent increase in chemopreventive properties in a longer …,https://scholar.google.com/citations?view_op=view_citation&hl=en&user=qBBWOA8AAAAJ&pagesize=100&sortby=pubdate&citation_for_view=qBBWOA8AAAAJ:tKAzc9rXhukC
Gail Taylor,2023,"Y Qian, LE Hibbert, E Katz, HK Smith, DJ Kliebenstein, G Taylor",Watercress yield and quality vary depending on both genotype and environment: Results from highly contrasting growing systems of California and UK,https://scholar.google.com/citations?view_op=view_citation&hl=en&user=qBBWOA8AAAAJ&pagesize=100&sortby=pubdate&citation_for_view=qBBWOA8AAAAJ:dTyEYWd-f8wC
Gail Taylor,2023,"CL Donnison, K Trdlicova, A Mohr, G Taylor",A net-zero storyline for success? News media analysis of the social legitimacy of bioenergy with carbon capture and storage in the United Kingdom,https://scholar.google.com/citations?view_op=view_citation&hl=en&user=qBBWOA8AAAAJ&pagesize=100&sortby=pubdate&citation_for_view=qBBWOA8AAAAJ:qUcmZB5y_30C
Gail Taylor,2022,"Y Qian, LE Hibbert, S Milner, E Katz, DJ Kliebenstein, G Taylor",Improved yield and health benefits of watercress grown in an indoor vertical farm,https://scholar.google.com/citations?view_op=view_citation&hl=en&user=qBBWOA8AAAAJ&pagesize=100&sortby=pubdate&citation_for_view=qBBWOA8AAAAJ:-_dYPAW6P2MC
Gail Taylor,2022,"L Hibbert, G Taylor",Improving phosphate use efficiency in the aquatic crop watercress (Nasturtium,https://scholar.google.com/citations?view_op=view_citation&hl=en&user=qBBWOA8AAAAJ&pagesize=100&sortby=pubdate&citation_for_view=qBBWOA8AAAAJ:P7Ujq4OLJYoC
Gail Taylor,2022,"L Hibbert, G Taylor",Improving phosphate use efficiency in the aquatic crop watercress (Nasturtium officinale),https://scholar.google.com/citations?view_op=view_citation&hl=en&user=qBBWOA8AAAAJ&pagesize=100&sortby=pubdate&citation_for_view=qBBWOA8AAAAJ:NMxIlDl6LWMC
Gail Taylor,2021,"C Donnison, RA Holland, ZM Harris, F Eigenbrod, G Taylor",Land-use change from food to energy: meta-analysis unravels effects of bioenergy on biodiversity and cultural ecosystem services,https://scholar.google.com/citations?view_op=view_citation&hl=en&user=qBBWOA8AAAAJ&pagesize=100&sortby=pubdate&citation_for_view=qBBWOA8AAAAJ:roLk4NBRz8UC
Gail Taylor,2021,"C Donnison, K Trdlicova, A Mohr, G Taylor","Without SLO BECCS, fast net-zero looks unlikely",https://scholar.google.com/citations?view_op=view_citation&hl=en&user=qBBWOA8AAAAJ&pagesize=100&sortby=pubdate&citation_for_view=qBBWOA8AAAAJ:1sJd4Hv_s6UC
Gail Taylor,2021,"A Damerum, EC Arnold, V Bernard, HK Smith, G Taylor",Good and bad lettuce leaf microbes? Unravelling the genetic architecture of the microbiome to inform plant breeding for enhanced food safety and reduced food waste,https://scholar.google.com/citations?view_op=view_citation&hl=en&user=qBBWOA8AAAAJ&pagesize=100&sortby=pubdate&citation_for_view=qBBWOA8AAAAJ:b1wdh0AR-JQC
Gail Taylor,2021,"F Becerra‐Sanchez, G Taylor",Reducing post‐harvest losses and improving quality in sweet corn (Zea mays L.): challenges and solutions for less food waste and improved food security,https://scholar.google.com/citations?view_op=view_citation&hl=en&user=qBBWOA8AAAAJ&pagesize=100&sortby=pubdate&citation_for_view=qBBWOA8AAAAJ:blknAaTinKkC
Gail Taylor,2021,"C Donnison, RA Holland, ZM Harris, F Eigenbrod, G Taylor",Land-use chang e from food to energy: meta-analysis unravels effects of bioenergy on biodiversit y and amenity,https://scholar.google.com/citations?view_op=view_citation&hl=en&user=qBBWOA8AAAAJ&pagesize=100&sortby=pubdate&citation_for_view=qBBWOA8AAAAJ:LO7wyVUgiFcC
Gail Taylor,2020,"JM Saban, A Watson‐Lazowski, MA Chapman, G Taylor",The methylome is altered for plants in a high CO2 world: insights into the response of a wild plant population to multigenerational exposure to elevated atmospheric [CO2],https://scholar.google.com/citations?view_op=view_citation&hl=en&user=qBBWOA8AAAAJ&pagesize=100&sortby=pubdate&citation_for_view=qBBWOA8AAAAJ:FPJr55Dyh1AC
Gail Taylor,2020,"A Damerum, MA Chapman, G Taylor",Innovative breeding technologies in lettuce for improved post-harvest quality,https://scholar.google.com/citations?view_op=view_citation&hl=en&user=qBBWOA8AAAAJ&pagesize=100&sortby=pubdate&citation_for_view=qBBWOA8AAAAJ:xtRiw3GOFMkC
Gail Taylor,2019,"RA Holland, K Scott, P Agnolucci, C Rapti, F Eigenbrod, G Taylor",The influence of the global electric power system on terrestrial biodiversity,https://scholar.google.com/citations?view_op=view_citation&hl=en&user=qBBWOA8AAAAJ&pagesize=100&sortby=pubdate&citation_for_view=qBBWOA8AAAAJ:PR6Y55bgFSsC
Gail Taylor,2019,"JM Saban, MA Chapman, G Taylor",FACE facts hold for multiple generations; Evidence from natural CO2 springs,https://scholar.google.com/citations?view_op=view_citation&hl=en&user=qBBWOA8AAAAJ&pagesize=100&sortby=pubdate&citation_for_view=qBBWOA8AAAAJ:kRWSkSYxWN8C
Gail Taylor,2018,"LS Rowland, HK Smith, G Taylor",The potential to improve culinary herb crop quality with deficit irrigation,https://scholar.google.com/citations?view_op=view_citation&hl=en&user=qBBWOA8AAAAJ&pagesize=100&sortby=pubdate&citation_for_view=qBBWOA8AAAAJ:_Ybze24A_UAC
Gail Taylor,2018,"A Hastings, P Smith, J Clifton-Brown, G Taylor",Future biomass supply for low carbon European energy provision in a changing world,https://scholar.google.com/citations?view_op=view_citation&hl=en&user=qBBWOA8AAAAJ&pagesize=100&sortby=pubdate&citation_for_view=qBBWOA8AAAAJ:xtoqd-5pKcoC
Gail Taylor,2018,"ZM Harris, S Milner, G Taylor",Biogenic carbon—capture and sequestration,https://scholar.google.com/citations?view_op=view_citation&hl=en&user=qBBWOA8AAAAJ&pagesize=100&sortby=pubdate&citation_for_view=qBBWOA8AAAAJ:K3LRdlH-MEoC
Gail Taylor,2018,"C Donnison, R Holland, A Hastings, LM Armstrong, F Eigenbrod, G Taylor",Bioenergy with Carbon Capture and Storage (BECCS) in the UK: Contrasting land-use scenarios and implications for natural capital,https://scholar.google.com/citations?view_op=view_citation&hl=en&user=qBBWOA8AAAAJ&pagesize=100&sortby=pubdate&citation_for_view=qBBWOA8AAAAJ:ldfaerwXgEUC
